,District_Code,Sex,District,Neighborhood,Population,Neighborhood_Code,Academic_Qualification
0,1,Women,Ciutat Vella,el Raval,440,1,Without studies
1,1,Women,Ciutat Vella,el Barri Gòtic,146,2,Without studies
2,1,Women,Ciutat Vella,la Barceloneta,273,3,Without studies
3,1,Women,Ciutat Vella,"Sant Pere, Santa Caterina i la Ribera",223,4,Without studies
4,2,Women,Eixample,el Fort Pienc,262,5,Without studies
5,2,Women,Eixample,la Sagrada Família,513,6,Without studies
6,2,Women,Eixample,la Dreta de l'Eixample,251,7,Without studies
7,2,Women,Eixample,l'Antiga Esquerra de l'Eixample,263,8,Without studies
8,2,Women,Eixample,la Nova Esquerra de l'Eixample,427,9,Without studies
9,2,Women,Eixample,Sant Antoni,437,10,Without studies
10,3,Women,Sants-Montjuïc,el Poble Sec,534,11,Without studies
11,3,Women,Sants-Montjuïc,la Marina del Prat Vermell,31,12,Without studies
12,3,Women,Sants-Montjuïc,la Marina de Port,555,13,Without studies
13,3,Women,Sants-Montjuïc,la Font de la Guatlla,169,14,Without studies
14,3,Women,Sants-Montjuïc,Hostafrancs,185,15,Without studies
15,3,Women,Sants-Montjuïc,la Bordeta,293,16,Without studies
16,3,Women,Sants-Montjuïc,Sants - Badal,380,17,Without studies
17,3,Women,Sants-Montjuïc,Sants,536,18,Without studies
18,4,Women,Les Corts,les Corts,363,19,Without studies
19,4,Women,Les Corts,la Maternitat i Sant Ramon,288,20,Without studies
20,4,Women,Les Corts,Pedralbes,25,21,Without studies
21,5,Women,Sarrià-Sant Gervasi,"Vallvidrera, el Tibidabo i les Planes",33,22,Without studies
22,5,Women,Sarrià-Sant Gervasi,Sarrià,123,23,Without studies
23,5,Women,Sarrià-Sant Gervasi,les Tres Torres,36,24,Without studies
24,5,Women,Sarrià-Sant Gervasi,Sant Gervasi - la Bonanova,101,25,Without studies
25,5,Women,Sarrià-Sant Gervasi,Sant Gervasi - Galvany,132,26,Without studies
26,5,Women,Sarrià-Sant Gervasi,el Putxet i el Farró,115,27,Without studies
27,6,Women,Gràcia,Vallcarca i els Penitents,159,28,Without studies
28,6,Women,Gràcia,el Coll,102,29,Without studies
29,6,Women,Gràcia,la Salut,111,30,Without studies
30,6,Women,Gràcia,la Vila de Gràcia,507,31,Without studies
31,6,Women,Gràcia,el Camp d'en Grassot i Gràcia Nova,324,32,Without studies
32,7,Women,Horta-Guinardó,el Baix Guinardó,419,33,Without studies
33,7,Women,Horta-Guinardó,Can Baró,169,34,Without studies
34,7,Women,Horta-Guinardó,el Guinardó,448,35,Without studies
35,7,Women,Horta-Guinardó,la Font d'en Fargues,100,36,Without studies
36,7,Women,Horta-Guinardó,el Carmel,805,37,Without studies
37,7,Women,Horta-Guinardó,la Teixonera,248,38,Without studies
38,7,Women,Horta-Guinardó,Sant Genís dels Agudells,184,39,Without studies
39,7,Women,Horta-Guinardó,Montbau,158,40,Without studies
40,7,Women,Horta-Guinardó,la Vall d'Hebron,86,41,Without studies
41,7,Women,Horta-Guinardó,la Clota,10,42,Without studies
42,7,Women,Horta-Guinardó,Horta,564,43,Without studies
43,8,Women,Nou Barris,Vilapicina i la Torre Llobeta,496,44,Without studies
44,8,Women,Nou Barris,Porta,586,45,Without studies
45,8,Women,Nou Barris,el Turó de la Peira,436,46,Without studies
46,8,Women,Nou Barris,Can Peguera,63,47,Without studies
47,8,Women,Nou Barris,la Guineueta,353,48,Without studies
48,8,Women,Nou Barris,Canyelles,164,49,Without studies
49,8,Women,Nou Barris,les Roquetes,370,50,Without studies
50,8,Women,Nou Barris,Verdun,307,51,Without studies
51,8,Women,Nou Barris,la Prosperitat,771,52,Without studies
52,8,Women,Nou Barris,la Trinitat Nova,213,53,Without studies
53,8,Women,Nou Barris,Torre Baró,55,54,Without studies
54,8,Women,Nou Barris,Ciutat Meridiana,181,55,Without studies
55,8,Women,Nou Barris,Vallbona,39,56,Without studies
56,9,Women,Sant Andreu,la Trinitat Vella,168,57,Without studies
57,9,Women,Sant Andreu,Baró de Viver,56,58,Without studies
58,9,Women,Sant Andreu,el Bon Pastor,195,59,Without studies
59,9,Women,Sant Andreu,Sant Andreu,724,60,Without studies
60,9,Women,Sant Andreu,la Sagrera,403,61,Without studies
61,9,Women,Sant Andreu,el Congrés i els Indians,246,62,Without studies
62,9,Women,Sant Andreu,Navas,283,63,Without studies
63,10,Women,Sant Martí,el Camp de l'Arpa del Clot,479,64,Without studies
64,10,Women,Sant Martí,el Clot,311,65,Without studies
65,10,Women,Sant Martí,el Parc i la Llacuna del Poblenou,181,66,Without studies
66,10,Women,Sant Martí,la Vila Olímpica del Poblenou,37,67,Without studies
67,10,Women,Sant Martí,el Poblenou,384,68,Without studies
68,10,Women,Sant Martí,Diagonal Mar i el Front Marítim del Poblenou,125,69,Without studies
69,10,Women,Sant Martí,el Besòs i el Maresme,574,70,Without studies
70,10,Women,Sant Martí,Provençals del Poblenou,308,71,Without studies
71,10,Women,Sant Martí,Sant Martí de Provençals,493,72,Without studies
72,10,Women,Sant Martí,la Verneda i la Pau,654,73,Without studies
73,1,Women,Ciutat Vella,el Raval,4555,1,Primary education / certificate of schooling / EGB
74,1,Women,Ciutat Vella,el Barri Gòtic,1123,2,Primary education / certificate of schooling / EGB
75,1,Women,Ciutat Vella,la Barceloneta,1350,3,Primary education / certificate of schooling / EGB
76,1,Women,Ciutat Vella,"Sant Pere, Santa Caterina i la Ribera",1566,4,Primary education / certificate of schooling / EGB
77,2,Women,Eixample,el Fort Pienc,1999,5,Primary education / certificate of schooling / EGB
78,2,Women,Eixample,la Sagrada Família,3608,6,Primary education / certificate of schooling / EGB
79,2,Women,Eixample,la Dreta de l'Eixample,1745,7,Primary education / certificate of schooling / EGB
80,2,Women,Eixample,l'Antiga Esquerra de l'Eixample,1905,8,Primary education / certificate of schooling / EGB
81,2,Women,Eixample,la Nova Esquerra de l'Eixample,3355,9,Primary education / certificate of schooling / EGB
82,2,Women,Eixample,Sant Antoni,2786,10,Primary education / certificate of schooling / EGB
83,3,Women,Sants-Montjuïc,el Poble Sec,3801,11,Primary education / certificate of schooling / EGB
84,3,Women,Sants-Montjuïc,la Marina del Prat Vermell,200,12,Primary education / certificate of schooling / EGB
85,3,Women,Sants-Montjuïc,la Marina de Port,3843,13,Primary education / certificate of schooling / EGB
86,3,Women,Sants-Montjuïc,la Font de la Guatlla,899,14,Primary education / certificate of schooling / EGB
87,3,Women,Sants-Montjuïc,Hostafrancs,1367,15,Primary education / certificate of schooling / EGB
88,3,Women,Sants-Montjuïc,la Bordeta,1888,16,Primary education / certificate of schooling / EGB
89,3,Women,Sants-Montjuïc,Sants - Badal,2458,17,Primary education / certificate of schooling / EGB
90,3,Women,Sants-Montjuïc,Sants,3376,18,Primary education / certificate of schooling / EGB
91,4,Women,Les Corts,les Corts,2526,19,Primary education / certificate of schooling / EGB
92,4,Women,Les Corts,la Maternitat i Sant Ramon,1604,20,Primary education / certificate of schooling / EGB
93,4,Women,Les Corts,Pedralbes,389,21,Primary education / certificate of schooling / EGB
94,5,Women,Sarrià-Sant Gervasi,"Vallvidrera, el Tibidabo i les Planes",181,22,Primary education / certificate of schooling / EGB
95,5,Women,Sarrià-Sant Gervasi,Sarrià,825,23,Primary education / certificate of schooling / EGB
96,5,Women,Sarrià-Sant Gervasi,les Tres Torres,391,24,Primary education / certificate of schooling / EGB
97,5,Women,Sarrià-Sant Gervasi,Sant Gervasi - la Bonanova,723,25,Primary education / certificate of schooling / EGB
98,5,Women,Sarrià-Sant Gervasi,Sant Gervasi - Galvany,1358,26,Primary education / certificate of schooling / EGB
99,5,Women,Sarrià-Sant Gervasi,el Putxet i el Farró,872,27,Primary education / certificate of schooling / EGB
100,6,Women,Gràcia,Vallcarca i els Penitents,845,28,Primary education / certificate of schooling / EGB
101,6,Women,Gràcia,el Coll,570,29,Primary education / certificate of schooling / EGB
102,6,Women,Gràcia,la Salut,740,30,Primary education / certificate of schooling / EGB
103,6,Women,Gràcia,la Vila de Gràcia,2818,31,Primary education / certificate of schooling / EGB
104,6,Women,Gràcia,el Camp d'en Grassot i Gràcia Nova,2049,32,Primary education / certificate of schooling / EGB
105,7,Women,Horta-Guinardó,el Baix Guinardó,1983,33,Primary education / certificate of schooling / EGB
106,7,Women,Horta-Guinardó,Can Baró,764,34,Primary education / certificate of schooling / EGB
107,7,Women,Horta-Guinardó,el Guinardó,2717,35,Primary education / certificate of schooling / EGB
108,7,Women,Horta-Guinardó,la Font d'en Fargues,648,36,Primary education / certificate of schooling / EGB
109,7,Women,Horta-Guinardó,el Carmel,3774,37,Primary education / certificate of schooling / EGB
110,7,Women,Horta-Guinardó,la Teixonera,1274,38,Primary education / certificate of schooling / EGB
111,7,Women,Horta-Guinardó,Sant Genís dels Agudells,714,39,Primary education / certificate of schooling / EGB
112,7,Women,Horta-Guinardó,Montbau,455,40,Primary education / certificate of schooling / EGB
113,7,Women,Horta-Guinardó,la Vall d'Hebron,486,41,Primary education / certificate of schooling / EGB
114,7,Women,Horta-Guinardó,la Clota,39,42,Primary education / certificate of schooling / EGB
115,7,Women,Horta-Guinardó,Horta,2716,43,Primary education / certificate of schooling / EGB
116,8,Women,Nou Barris,Vilapicina i la Torre Llobeta,2554,44,Primary education / certificate of schooling / EGB
117,8,Women,Nou Barris,Porta,3124,45,Primary education / certificate of schooling / EGB
118,8,Women,Nou Barris,el Turó de la Peira,1893,46,Primary education / certificate of schooling / EGB
119,8,Women,Nou Barris,Can Peguera,323,47,Primary education / certificate of schooling / EGB
120,8,Women,Nou Barris,la Guineueta,1745,48,Primary education / certificate of schooling / EGB
121,8,Women,Nou Barris,Canyelles,951,49,Primary education / certificate of schooling / EGB
122,8,Women,Nou Barris,les Roquetes,2169,50,Primary education / certificate of schooling / EGB
123,8,Women,Nou Barris,Verdun,1643,51,Primary education / certificate of schooling / EGB
124,8,Women,Nou Barris,la Prosperitat,3398,52,Primary education / certificate of schooling / EGB
125,8,Women,Nou Barris,la Trinitat Nova,1018,53,Primary education / certificate of schooling / EGB
126,8,Women,Nou Barris,Torre Baró,395,54,Primary education / certificate of schooling / EGB
127,8,Women,Nou Barris,Ciutat Meridiana,1651,55,Primary education / certificate of schooling / EGB
128,8,Women,Nou Barris,Vallbona,204,56,Primary education / certificate of schooling / EGB
129,9,Women,Sant Andreu,la Trinitat Vella,1357,57,Primary education / certificate of schooling / EGB
130,2,Women,Eixample,l'Antiga Esquerra de l'Eixample,225,8,No records
131,9,Women,Sant Andreu,Baró de Viver,376,58,Primary education / certificate of schooling / EGB
132,9,Women,Sant Andreu,el Bon Pastor,1516,59,Primary education / certificate of schooling / EGB
133,9,Women,Sant Andreu,Sant Andreu,5001,60,Primary education / certificate of schooling / EGB
134,9,Women,Sant Andreu,la Sagrera,2686,61,Primary education / certificate of schooling / EGB
135,9,Women,Sant Andreu,el Congrés i els Indians,1159,62,Primary education / certificate of schooling / EGB
136,9,Women,Sant Andreu,Navas,1943,63,Primary education / certificate of schooling / EGB
137,10,Women,Sant Martí,el Camp de l'Arpa del Clot,3084,64,Primary education / certificate of schooling / EGB
138,10,Women,Sant Martí,el Clot,2207,65,Primary education / certificate of schooling / EGB
139,10,Women,Sant Martí,el Parc i la Llacuna del Poblenou,1110,66,Primary education / certificate of schooling / EGB
140,10,Women,Sant Martí,la Vila Olímpica del Poblenou,242,67,Primary education / certificate of schooling / EGB
141,10,Women,Sant Martí,el Poblenou,2313,68,Primary education / certificate of schooling / EGB
142,10,Women,Sant Martí,Diagonal Mar i el Front Marítim del Poblenou,759,69,Primary education / certificate of schooling / EGB
143,10,Women,Sant Martí,el Besòs i el Maresme,2887,70,Primary education / certificate of schooling / EGB
144,10,Women,Sant Martí,Provençals del Poblenou,1826,71,Primary education / certificate of schooling / EGB
145,10,Women,Sant Martí,Sant Martí de Provençals,2912,72,Primary education / certificate of schooling / EGB
146,10,Women,Sant Martí,la Verneda i la Pau,3588,73,Primary education / certificate of schooling / EGB
147,1,Women,Ciutat Vella,el Raval,4473,1,Elementary school / school graduate / ESO / FPI
148,1,Women,Ciutat Vella,el Barri Gòtic,1401,2,Elementary school / school graduate / ESO / FPI
149,1,Women,Ciutat Vella,la Barceloneta,1512,3,Elementary school / school graduate / ESO / FPI
150,1,Women,Ciutat Vella,"Sant Pere, Santa Caterina i la Ribera",1634,4,Elementary school / school graduate / ESO / FPI
151,2,Women,Eixample,el Fort Pienc,2850,5,Elementary school / school graduate / ESO / FPI
152,2,Women,Eixample,la Sagrada Família,4847,6,Elementary school / school graduate / ESO / FPI
153,2,Women,Eixample,la Dreta de l'Eixample,2753,7,Elementary school / school graduate / ESO / FPI
154,2,Women,Eixample,l'Antiga Esquerra de l'Eixample,2996,8,Elementary school / school graduate / ESO / FPI
155,2,Women,Eixample,la Nova Esquerra de l'Eixample,4802,9,Elementary school / school graduate / ESO / FPI
156,2,Women,Eixample,Sant Antoni,3543,10,Elementary school / school graduate / ESO / FPI
157,3,Women,Sants-Montjuïc,el Poble Sec,3912,11,Elementary school / school graduate / ESO / FPI
158,3,Women,Sants-Montjuïc,la Marina del Prat Vermell,165,12,Elementary school / school graduate / ESO / FPI
159,3,Women,Sants-Montjuïc,la Marina de Port,3772,13,Elementary school / school graduate / ESO / FPI
160,3,Women,Sants-Montjuïc,la Font de la Guatlla,1068,14,Elementary school / school graduate / ESO / FPI
161,3,Women,Sants-Montjuïc,Hostafrancs,1586,15,Elementary school / school graduate / ESO / FPI
162,3,Women,Sants-Montjuïc,la Bordeta,2104,16,Elementary school / school graduate / ESO / FPI
163,3,Women,Sants-Montjuïc,Sants - Badal,2744,17,Elementary school / school graduate / ESO / FPI
164,3,Women,Sants-Montjuïc,Sants,4173,18,Elementary school / school graduate / ESO / FPI
165,4,Women,Les Corts,les Corts,3712,19,Elementary school / school graduate / ESO / FPI
166,4,Women,Les Corts,la Maternitat i Sant Ramon,1979,20,Elementary school / school graduate / ESO / FPI
167,4,Women,Les Corts,Pedralbes,756,21,Elementary school / school graduate / ESO / FPI
168,5,Women,Sarrià-Sant Gervasi,"Vallvidrera, el Tibidabo i les Planes",294,22,Elementary school / school graduate / ESO / FPI
169,5,Women,Sarrià-Sant Gervasi,Sarrià,1436,23,Elementary school / school graduate / ESO / FPI
170,5,Women,Sarrià-Sant Gervasi,les Tres Torres,856,24,Elementary school / school graduate / ESO / FPI
171,5,Women,Sarrià-Sant Gervasi,Sant Gervasi - la Bonanova,1552,25,Elementary school / school graduate / ESO / FPI
172,5,Women,Sarrià-Sant Gervasi,Sant Gervasi - Galvany,2780,26,Elementary school / school graduate / ESO / FPI
173,5,Women,Sarrià-Sant Gervasi,el Putxet i el Farró,1931,27,Elementary school / school graduate / ESO / FPI
174,6,Women,Gràcia,Vallcarca i els Penitents,1344,28,Elementary school / school graduate / ESO / FPI
175,6,Women,Gràcia,el Coll,758,29,Elementary school / school graduate / ESO / FPI
176,6,Women,Gràcia,la Salut,1133,30,Elementary school / school graduate / ESO / FPI
177,6,Women,Gràcia,la Vila de Gràcia,3574,31,Elementary school / school graduate / ESO / FPI
178,6,Women,Gràcia,el Camp d'en Grassot i Gràcia Nova,2950,32,Elementary school / school graduate / ESO / FPI
179,7,Women,Horta-Guinardó,el Baix Guinardó,2580,33,Elementary school / school graduate / ESO / FPI
180,7,Women,Horta-Guinardó,Can Baró,966,34,Elementary school / school graduate / ESO / FPI
181,7,Women,Horta-Guinardó,el Guinardó,3837,35,Elementary school / school graduate / ESO / FPI
182,7,Women,Horta-Guinardó,la Font d'en Fargues,958,36,Elementary school / school graduate / ESO / FPI
183,7,Women,Horta-Guinardó,el Carmel,4368,37,Elementary school / school graduate / ESO / FPI
184,7,Women,Horta-Guinardó,la Teixonera,1450,38,Elementary school / school graduate / ESO / FPI
185,7,Women,Horta-Guinardó,Sant Genís dels Agudells,881,39,Elementary school / school graduate / ESO / FPI
186,7,Women,Horta-Guinardó,Montbau,561,40,Elementary school / school graduate / ESO / FPI
187,7,Women,Horta-Guinardó,la Vall d'Hebron,592,41,Elementary school / school graduate / ESO / FPI
188,7,Women,Horta-Guinardó,la Clota,74,42,Elementary school / school graduate / ESO / FPI
189,7,Women,Horta-Guinardó,Horta,3000,43,Elementary school / school graduate / ESO / FPI
190,8,Women,Nou Barris,Vilapicina i la Torre Llobeta,3109,44,Elementary school / school graduate / ESO / FPI
191,8,Women,Nou Barris,Porta,3386,45,Elementary school / school graduate / ESO / FPI
192,8,Women,Nou Barris,el Turó de la Peira,2041,46,Elementary school / school graduate / ESO / FPI
193,8,Women,Nou Barris,Can Peguera,318,47,Elementary school / school graduate / ESO / FPI
194,8,Women,Nou Barris,la Guineueta,1920,48,Elementary school / school graduate / ESO / FPI
195,8,Women,Nou Barris,Canyelles,994,49,Elementary school / school graduate / ESO / FPI
196,8,Women,Nou Barris,les Roquetes,2359,50,Elementary school / school graduate / ESO / FPI
197,8,Women,Nou Barris,Verdun,1768,51,Elementary school / school graduate / ESO / FPI
198,8,Women,Nou Barris,la Prosperitat,3666,52,Elementary school / school graduate / ESO / FPI
199,8,Women,Nou Barris,la Trinitat Nova,1123,53,Elementary school / school graduate / ESO / FPI
200,8,Women,Nou Barris,Torre Baró,383,54,Elementary school / school graduate / ESO / FPI
201,8,Women,Nou Barris,Ciutat Meridiana,1541,55,Elementary school / school graduate / ESO / FPI
202,8,Women,Nou Barris,Vallbona,188,56,Elementary school / school graduate / ESO / FPI
203,9,Women,Sant Andreu,la Trinitat Vella,1280,57,Elementary school / school graduate / ESO / FPI
204,9,Women,Sant Andreu,Baró de Viver,396,58,Elementary school / school graduate / ESO / FPI
205,9,Women,Sant Andreu,el Bon Pastor,1732,59,Elementary school / school graduate / ESO / FPI
206,9,Women,Sant Andreu,Sant Andreu,6444,60,Elementary school / school graduate / ESO / FPI
207,9,Women,Sant Andreu,la Sagrera,3410,61,Elementary school / school graduate / ESO / FPI
208,9,Women,Sant Andreu,el Congrés i els Indians,1616,62,Elementary school / school graduate / ESO / FPI
209,9,Women,Sant Andreu,Navas,2552,63,Elementary school / school graduate / ESO / FPI
210,10,Women,Sant Martí,el Camp de l'Arpa del Clot,4033,64,Elementary school / school graduate / ESO / FPI
211,10,Women,Sant Martí,el Clot,2859,65,Elementary school / school graduate / ESO / FPI
212,10,Women,Sant Martí,el Parc i la Llacuna del Poblenou,1404,66,Elementary school / school graduate / ESO / FPI
213,10,Women,Sant Martí,la Vila Olímpica del Poblenou,533,67,Elementary school / school graduate / ESO / FPI
214,10,Women,Sant Martí,el Poblenou,2892,68,Elementary school / school graduate / ESO / FPI
215,10,Women,Sant Martí,Diagonal Mar i el Front Marítim del Poblenou,974,69,Elementary school / school graduate / ESO / FPI
216,10,Women,Sant Martí,el Besòs i el Maresme,3080,70,Elementary school / school graduate / ESO / FPI
217,10,Women,Sant Martí,Provençals del Poblenou,2297,71,Elementary school / school graduate / ESO / FPI
218,10,Women,Sant Martí,Sant Martí de Provençals,3141,72,Elementary school / school graduate / ESO / FPI
219,10,Women,Sant Martí,la Verneda i la Pau,3775,73,Elementary school / school graduate / ESO / FPI
220,1,Women,Ciutat Vella,el Raval,3738,1,High school / BUP / COU / FPII / CFGM Intermediate Grade
221,1,Women,Ciutat Vella,el Barri Gòtic,1796,2,High school / BUP / COU / FPII / CFGM Intermediate Grade
222,1,Women,Ciutat Vella,la Barceloneta,1504,3,High school / BUP / COU / FPII / CFGM Intermediate Grade
223,1,Women,Ciutat Vella,"Sant Pere, Santa Caterina i la Ribera",2215,4,High school / BUP / COU / FPII / CFGM Intermediate Grade
224,2,Women,Eixample,el Fort Pienc,3814,5,High school / BUP / COU / FPII / CFGM Intermediate Grade
225,2,Women,Eixample,la Sagrada Família,6076,6,High school / BUP / COU / FPII / CFGM Intermediate Grade
226,2,Women,Eixample,la Dreta de l'Eixample,5025,7,High school / BUP / COU / FPII / CFGM Intermediate Grade
227,2,Women,Eixample,l'Antiga Esquerra de l'Eixample,4961,8,High school / BUP / COU / FPII / CFGM Intermediate Grade
228,2,Women,Eixample,la Nova Esquerra de l'Eixample,6756,9,High school / BUP / COU / FPII / CFGM Intermediate Grade
229,2,Women,Eixample,Sant Antoni,4248,10,High school / BUP / COU / FPII / CFGM Intermediate Grade
230,3,Women,Sants-Montjuïc,el Poble Sec,3902,11,High school / BUP / COU / FPII / CFGM Intermediate Grade
231,3,Women,Sants-Montjuïc,la Marina del Prat Vermell,65,12,High school / BUP / COU / FPII / CFGM Intermediate Grade
232,3,Women,Sants-Montjuïc,la Marina de Port,3166,13,High school / BUP / COU / FPII / CFGM Intermediate Grade
233,3,Women,Sants-Montjuïc,la Font de la Guatlla,1127,14,High school / BUP / COU / FPII / CFGM Intermediate Grade
234,3,Women,Sants-Montjuïc,Hostafrancs,1651,15,High school / BUP / COU / FPII / CFGM Intermediate Grade
235,3,Women,Sants-Montjuïc,la Bordeta,2094,16,High school / BUP / COU / FPII / CFGM Intermediate Grade
236,3,Women,Sants-Montjuïc,Sants - Badal,2656,17,High school / BUP / COU / FPII / CFGM Intermediate Grade
237,3,Women,Sants-Montjuïc,Sants,4636,18,High school / BUP / COU / FPII / CFGM Intermediate Grade
238,7,Men,Horta-Guinardó,Horta,222,43,No records
239,4,Women,Les Corts,les Corts,5550,19,High school / BUP / COU / FPII / CFGM Intermediate Grade
240,4,Women,Les Corts,la Maternitat i Sant Ramon,2825,20,High school / BUP / COU / FPII / CFGM Intermediate Grade
241,4,Women,Les Corts,Pedralbes,1461,21,High school / BUP / COU / FPII / CFGM Intermediate Grade
242,5,Women,Sarrià-Sant Gervasi,"Vallvidrera, el Tibidabo i les Planes",535,22,High school / BUP / COU / FPII / CFGM Intermediate Grade
243,5,Women,Sarrià-Sant Gervasi,Sarrià,2791,23,High school / BUP / COU / FPII / CFGM Intermediate Grade
244,5,Women,Sarrià-Sant Gervasi,les Tres Torres,2176,24,High school / BUP / COU / FPII / CFGM Intermediate Grade
245,5,Women,Sarrià-Sant Gervasi,Sant Gervasi - la Bonanova,3354,25,High school / BUP / COU / FPII / CFGM Intermediate Grade
246,5,Women,Sarrià-Sant Gervasi,Sant Gervasi - Galvany,6544,26,High school / BUP / COU / FPII / CFGM Intermediate Grade
247,5,Women,Sarrià-Sant Gervasi,el Putxet i el Farró,3854,27,High school / BUP / COU / FPII / CFGM Intermediate Grade
248,6,Women,Gràcia,Vallcarca i els Penitents,1829,28,High school / BUP / COU / FPII / CFGM Intermediate Grade
249,6,Women,Gràcia,el Coll,907,29,High school / BUP / COU / FPII / CFGM Intermediate Grade
250,6,Women,Gràcia,la Salut,1560,30,High school / BUP / COU / FPII / CFGM Intermediate Grade
251,6,Women,Gràcia,la Vila de Gràcia,5443,31,High school / BUP / COU / FPII / CFGM Intermediate Grade
252,6,Women,Gràcia,el Camp d'en Grassot i Gràcia Nova,4103,32,High school / BUP / COU / FPII / CFGM Intermediate Grade
253,7,Women,Horta-Guinardó,el Baix Guinardó,3111,33,High school / BUP / COU / FPII / CFGM Intermediate Grade
254,7,Women,Horta-Guinardó,Can Baró,989,34,High school / BUP / COU / FPII / CFGM Intermediate Grade
255,7,Women,Horta-Guinardó,el Guinardó,4529,35,High school / BUP / COU / FPII / CFGM Intermediate Grade
256,7,Women,Horta-Guinardó,la Font d'en Fargues,1069,36,High school / BUP / COU / FPII / CFGM Intermediate Grade
257,7,Women,Horta-Guinardó,el Carmel,3221,37,High school / BUP / COU / FPII / CFGM Intermediate Grade
258,7,Women,Horta-Guinardó,la Teixonera,1285,38,High school / BUP / COU / FPII / CFGM Intermediate Grade
259,7,Women,Horta-Guinardó,Sant Genís dels Agudells,889,39,High school / BUP / COU / FPII / CFGM Intermediate Grade
260,7,Women,Horta-Guinardó,Montbau,625,40,High school / BUP / COU / FPII / CFGM Intermediate Grade
261,7,Women,Horta-Guinardó,la Vall d'Hebron,667,41,High school / BUP / COU / FPII / CFGM Intermediate Grade
262,7,Women,Horta-Guinardó,la Clota,65,42,High school / BUP / COU / FPII / CFGM Intermediate Grade
263,7,Women,Horta-Guinardó,Horta,3282,43,High school / BUP / COU / FPII / CFGM Intermediate Grade
264,8,Women,Nou Barris,Vilapicina i la Torre Llobeta,2997,44,High school / BUP / COU / FPII / CFGM Intermediate Grade
265,8,Women,Nou Barris,Porta,3106,45,High school / BUP / COU / FPII / CFGM Intermediate Grade
266,8,Women,Nou Barris,el Turó de la Peira,1686,46,High school / BUP / COU / FPII / CFGM Intermediate Grade
267,8,Women,Nou Barris,Can Peguera,184,47,High school / BUP / COU / FPII / CFGM Intermediate Grade
268,8,Women,Nou Barris,la Guineueta,1706,48,High school / BUP / COU / FPII / CFGM Intermediate Grade
269,8,Women,Nou Barris,Canyelles,571,49,High school / BUP / COU / FPII / CFGM Intermediate Grade
270,8,Women,Nou Barris,les Roquetes,1394,50,High school / BUP / COU / FPII / CFGM Intermediate Grade
271,8,Women,Nou Barris,Verdun,1280,51,High school / BUP / COU / FPII / CFGM Intermediate Grade
272,8,Women,Nou Barris,la Prosperitat,2742,52,High school / BUP / COU / FPII / CFGM Intermediate Grade
273,8,Women,Nou Barris,la Trinitat Nova,659,53,High school / BUP / COU / FPII / CFGM Intermediate Grade
274,8,Women,Nou Barris,Torre Baró,208,54,High school / BUP / COU / FPII / CFGM Intermediate Grade
275,8,Women,Nou Barris,Ciutat Meridiana,841,55,High school / BUP / COU / FPII / CFGM Intermediate Grade
276,8,Women,Nou Barris,Vallbona,76,56,High school / BUP / COU / FPII / CFGM Intermediate Grade
277,9,Women,Sant Andreu,la Trinitat Vella,806,57,High school / BUP / COU / FPII / CFGM Intermediate Grade
278,9,Women,Sant Andreu,Baró de Viver,181,58,High school / BUP / COU / FPII / CFGM Intermediate Grade
279,9,Women,Sant Andreu,el Bon Pastor,1190,59,High school / BUP / COU / FPII / CFGM Intermediate Grade
280,9,Women,Sant Andreu,Sant Andreu,6573,60,High school / BUP / COU / FPII / CFGM Intermediate Grade
281,9,Women,Sant Andreu,la Sagrera,3432,61,High school / BUP / COU / FPII / CFGM Intermediate Grade
282,9,Women,Sant Andreu,el Congrés i els Indians,1754,62,High school / BUP / COU / FPII / CFGM Intermediate Grade
283,9,Women,Sant Andreu,Navas,2671,63,High school / BUP / COU / FPII / CFGM Intermediate Grade
284,10,Women,Sant Martí,el Camp de l'Arpa del Clot,4449,64,High school / BUP / COU / FPII / CFGM Intermediate Grade
285,10,Women,Sant Martí,el Clot,3014,65,High school / BUP / COU / FPII / CFGM Intermediate Grade
286,10,Women,Sant Martí,el Parc i la Llacuna del Poblenou,1652,66,High school / BUP / COU / FPII / CFGM Intermediate Grade
287,10,Women,Sant Martí,la Vila Olímpica del Poblenou,942,67,High school / BUP / COU / FPII / CFGM Intermediate Grade
288,10,Women,Sant Martí,el Poblenou,3521,68,High school / BUP / COU / FPII / CFGM Intermediate Grade
289,10,Women,Sant Martí,Diagonal Mar i el Front Marítim del Poblenou,1253,69,High school / BUP / COU / FPII / CFGM Intermediate Grade
290,10,Women,Sant Martí,el Besòs i el Maresme,2078,70,High school / BUP / COU / FPII / CFGM Intermediate Grade
291,10,Women,Sant Martí,Provençals del Poblenou,2238,71,High school / BUP / COU / FPII / CFGM Intermediate Grade
292,10,Women,Sant Martí,Sant Martí de Provençals,2841,72,High school / BUP / COU / FPII / CFGM Intermediate Grade
293,10,Women,Sant Martí,la Verneda i la Pau,2884,73,High school / BUP / COU / FPII / CFGM Intermediate Grade
294,1,Women,Ciutat Vella,el Raval,5730,1,University studies / CFGS higher degree
295,1,Women,Ciutat Vella,el Barri Gòtic,3372,2,University studies / CFGS higher degree
296,1,Women,Ciutat Vella,la Barceloneta,2324,3,University studies / CFGS higher degree
297,1,Women,Ciutat Vella,"Sant Pere, Santa Caterina i la Ribera",4736,4,University studies / CFGS higher degree
298,2,Women,Eixample,el Fort Pienc,6483,5,University studies / CFGS higher degree
299,2,Women,Eixample,la Sagrada Família,10187,6,University studies / CFGS higher degree
300,2,Women,Eixample,la Dreta de l'Eixample,11003,7,University studies / CFGS higher degree
301,7,Women,Horta-Guinardó,Montbau,17,40,No records
302,2,Women,Eixample,l'Antiga Esquerra de l'Eixample,10255,8,University studies / CFGS higher degree
303,2,Women,Eixample,la Nova Esquerra de l'Eixample,12618,9,University studies / CFGS higher degree
304,2,Women,Eixample,Sant Antoni,7219,10,University studies / CFGS higher degree
305,3,Women,Sants-Montjuïc,el Poble Sec,5772,11,University studies / CFGS higher degree
306,3,Women,Sants-Montjuïc,la Marina del Prat Vermell,49,12,University studies / CFGS higher degree
307,3,Women,Sants-Montjuïc,la Marina de Port,2563,13,University studies / CFGS higher degree
308,3,Women,Sants-Montjuïc,la Font de la Guatlla,1657,14,University studies / CFGS higher degree
309,3,Women,Sants-Montjuïc,Hostafrancs,2680,15,University studies / CFGS higher degree
310,3,Women,Sants-Montjuïc,la Bordeta,2578,16,University studies / CFGS higher degree
311,3,Women,Sants-Montjuïc,Sants - Badal,3486,17,University studies / CFGS higher degree
312,3,Women,Sants-Montjuïc,Sants,7188,18,University studies / CFGS higher degree
313,4,Women,Les Corts,les Corts,9687,19,University studies / CFGS higher degree
314,4,Women,Les Corts,la Maternitat i Sant Ramon,4499,20,University studies / CFGS higher degree
315,4,Women,Les Corts,Pedralbes,2598,21,University studies / CFGS higher degree
316,5,Women,Sarrià-Sant Gervasi,"Vallvidrera, el Tibidabo i les Planes",869,22,University studies / CFGS higher degree
317,5,Women,Sarrià-Sant Gervasi,Sarrià,5689,23,University studies / CFGS higher degree
318,5,Women,Sarrià-Sant Gervasi,les Tres Torres,3751,24,University studies / CFGS higher degree
319,5,Women,Sarrià-Sant Gervasi,Sant Gervasi - la Bonanova,5952,25,University studies / CFGS higher degree
320,5,Women,Sarrià-Sant Gervasi,Sant Gervasi - Galvany,11418,26,University studies / CFGS higher degree
321,5,Women,Sarrià-Sant Gervasi,el Putxet i el Farró,7264,27,University studies / CFGS higher degree
322,6,Women,Gràcia,Vallcarca i els Penitents,3178,28,University studies / CFGS higher degree
323,6,Women,Gràcia,el Coll,1191,29,University studies / CFGS higher degree
324,6,Women,Gràcia,la Salut,2769,30,University studies / CFGS higher degree
325,6,Women,Gràcia,la Vila de Gràcia,12182,31,University studies / CFGS higher degree
326,6,Women,Gràcia,el Camp d'en Grassot i Gràcia Nova,7446,32,University studies / CFGS higher degree
327,7,Women,Horta-Guinardó,el Baix Guinardó,4445,33,University studies / CFGS higher degree
328,7,Women,Horta-Guinardó,Can Baró,1381,34,University studies / CFGS higher degree
329,7,Women,Horta-Guinardó,el Guinardó,5888,35,University studies / CFGS higher degree
330,7,Women,Horta-Guinardó,la Font d'en Fargues,1492,36,University studies / CFGS higher degree
331,7,Women,Horta-Guinardó,el Carmel,2487,37,University studies / CFGS higher degree
332,7,Women,Horta-Guinardó,la Teixonera,1124,38,University studies / CFGS higher degree
333,7,Women,Horta-Guinardó,Sant Genís dels Agudells,794,39,University studies / CFGS higher degree
334,7,Women,Horta-Guinardó,Montbau,747,40,University studies / CFGS higher degree
335,7,Women,Horta-Guinardó,la Vall d'Hebron,916,41,University studies / CFGS higher degree
336,7,Women,Horta-Guinardó,la Clota,99,42,University studies / CFGS higher degree
337,7,Women,Horta-Guinardó,Horta,3552,43,University studies / CFGS higher degree
338,8,Women,Nou Barris,Vilapicina i la Torre Llobeta,3187,44,University studies / CFGS higher degree
339,8,Women,Nou Barris,Porta,2610,45,University studies / CFGS higher degree
340,8,Women,Nou Barris,el Turó de la Peira,1352,46,University studies / CFGS higher degree
341,8,Women,Nou Barris,Can Peguera,115,47,University studies / CFGS higher degree
342,8,Women,Nou Barris,la Guineueta,1496,48,University studies / CFGS higher degree
343,8,Women,Nou Barris,Canyelles,506,49,University studies / CFGS higher degree
344,8,Women,Nou Barris,les Roquetes,795,50,University studies / CFGS higher degree
345,8,Women,Nou Barris,Verdun,869,51,University studies / CFGS higher degree
346,8,Women,Nou Barris,la Prosperitat,1866,52,University studies / CFGS higher degree
347,8,Women,Nou Barris,la Trinitat Nova,372,53,University studies / CFGS higher degree
348,8,Women,Nou Barris,Torre Baró,119,54,University studies / CFGS higher degree
349,8,Women,Nou Barris,Ciutat Meridiana,407,55,University studies / CFGS higher degree
350,8,Women,Nou Barris,Vallbona,67,56,University studies / CFGS higher degree
351,9,Women,Sant Andreu,la Trinitat Vella,535,57,University studies / CFGS higher degree
352,9,Women,Sant Andreu,Baró de Viver,83,58,University studies / CFGS higher degree
353,9,Women,Sant Andreu,el Bon Pastor,926,59,University studies / CFGS higher degree
354,9,Women,Sant Andreu,Sant Andreu,7766,60,University studies / CFGS higher degree
355,9,Women,Sant Andreu,la Sagrera,3828,61,University studies / CFGS higher degree
356,9,Women,Sant Andreu,el Congrés i els Indians,2041,62,University studies / CFGS higher degree
357,9,Women,Sant Andreu,Navas,3052,63,University studies / CFGS higher degree
358,10,Women,Sant Martí,el Camp de l'Arpa del Clot,6391,64,University studies / CFGS higher degree
359,10,Women,Sant Martí,el Clot,3852,65,University studies / CFGS higher degree
360,10,Women,Sant Martí,el Parc i la Llacuna del Poblenou,2749,66,University studies / CFGS higher degree
361,10,Women,Sant Martí,la Vila Olímpica del Poblenou,2235,67,University studies / CFGS higher degree
362,10,Women,Sant Martí,el Poblenou,5640,68,University studies / CFGS higher degree
363,10,Women,Sant Martí,Diagonal Mar i el Front Marítim del Poblenou,2455,69,University studies / CFGS higher degree
364,10,Women,Sant Martí,el Besòs i el Maresme,1577,70,University studies / CFGS higher degree
365,10,Women,Sant Martí,Provençals del Poblenou,2758,71,University studies / CFGS higher degree
366,10,Women,Sant Martí,Sant Martí de Provençals,2773,72,University studies / CFGS higher degree
367,10,Women,Sant Martí,la Verneda i la Pau,2269,73,University studies / CFGS higher degree
368,1,Women,Ciutat Vella,el Raval,275,1,No records
369,1,Women,Ciutat Vella,el Barri Gòtic,65,2,No records
370,1,Women,Ciutat Vella,la Barceloneta,63,3,No records
371,1,Women,Ciutat Vella,"Sant Pere, Santa Caterina i la Ribera",118,4,No records
372,2,Women,Eixample,el Fort Pienc,166,5,No records
373,2,Women,Eixample,la Sagrada Família,228,6,No records
374,2,Women,Eixample,la Dreta de l'Eixample,279,7,No records
375,2,Women,Eixample,la Nova Esquerra de l'Eixample,317,9,No records
376,2,Women,Eixample,Sant Antoni,186,10,No records
377,3,Women,Sants-Montjuïc,el Poble Sec,206,11,No records
378,3,Women,Sants-Montjuïc,la Marina del Prat Vermell,10,12,No records
379,3,Women,Sants-Montjuïc,la Marina de Port,262,13,No records
380,3,Women,Sants-Montjuïc,la Font de la Guatlla,52,14,No records
381,3,Women,Sants-Montjuïc,Hostafrancs,82,15,No records
382,3,Women,Sants-Montjuïc,la Bordeta,115,16,No records
383,3,Women,Sants-Montjuïc,Sants - Badal,135,17,No records
384,3,Women,Sants-Montjuïc,Sants,212,18,No records
385,4,Women,Les Corts,les Corts,255,19,No records
386,4,Women,Les Corts,la Maternitat i Sant Ramon,138,20,No records
387,4,Women,Les Corts,Pedralbes,159,21,No records
388,5,Women,Sarrià-Sant Gervasi,"Vallvidrera, el Tibidabo i les Planes",57,22,No records
389,5,Women,Sarrià-Sant Gervasi,Sarrià,288,23,No records
390,5,Women,Sarrià-Sant Gervasi,les Tres Torres,167,24,No records
391,5,Women,Sarrià-Sant Gervasi,Sant Gervasi - la Bonanova,287,25,No records
392,5,Women,Sarrià-Sant Gervasi,Sant Gervasi - Galvany,456,26,No records
393,5,Women,Sarrià-Sant Gervasi,el Putxet i el Farró,252,27,No records
394,6,Women,Gràcia,Vallcarca i els Penitents,111,28,No records
395,6,Women,Gràcia,el Coll,52,29,No records
396,6,Women,Gràcia,la Salut,55,30,No records
397,6,Women,Gràcia,la Vila de Gràcia,252,31,No records
398,6,Women,Gràcia,el Camp d'en Grassot i Gràcia Nova,192,32,No records
399,7,Women,Horta-Guinardó,el Baix Guinardó,108,33,No records
400,7,Women,Horta-Guinardó,Can Baró,31,34,No records
401,7,Women,Horta-Guinardó,el Guinardó,189,35,No records
402,7,Women,Horta-Guinardó,la Font d'en Fargues,73,36,No records
403,7,Women,Horta-Guinardó,el Carmel,209,37,No records
404,7,Women,Horta-Guinardó,la Teixonera,77,38,No records
405,7,Women,Horta-Guinardó,Sant Genís dels Agudells,47,39,No records
406,7,Women,Horta-Guinardó,la Vall d'Hebron,36,41,No records
407,7,Women,Horta-Guinardó,la Clota,2,42,No records
408,7,Women,Horta-Guinardó,Horta,151,43,No records
409,8,Women,Nou Barris,Vilapicina i la Torre Llobeta,157,44,No records
410,8,Women,Nou Barris,Porta,170,45,No records
411,8,Women,Nou Barris,el Turó de la Peira,110,46,No records
412,8,Women,Nou Barris,Can Peguera,23,47,No records
413,8,Women,Nou Barris,la Guineueta,100,48,No records
414,8,Women,Nou Barris,Canyelles,52,49,No records
415,8,Women,Nou Barris,les Roquetes,124,50,No records
416,8,Women,Nou Barris,Verdun,98,51,No records
417,8,Women,Nou Barris,la Prosperitat,173,52,No records
418,8,Women,Nou Barris,la Trinitat Nova,75,53,No records
419,8,Women,Nou Barris,Torre Baró,41,54,No records
420,8,Women,Nou Barris,Ciutat Meridiana,83,55,No records
421,8,Women,Nou Barris,Vallbona,24,56,No records
422,9,Women,Sant Andreu,la Trinitat Vella,80,57,No records
423,9,Women,Sant Andreu,Baró de Viver,26,58,No records
424,9,Women,Sant Andreu,el Bon Pastor,111,59,No records
425,9,Women,Sant Andreu,Sant Andreu,367,60,No records
426,9,Women,Sant Andreu,la Sagrera,158,61,No records
427,9,Women,Sant Andreu,el Congrés i els Indians,96,62,No records
428,9,Women,Sant Andreu,Navas,151,63,No records
429,10,Women,Sant Martí,el Camp de l'Arpa del Clot,211,64,No records
430,10,Women,Sant Martí,el Clot,194,65,No records
431,10,Women,Sant Martí,el Parc i la Llacuna del Poblenou,114,66,No records
432,10,Women,Sant Martí,la Vila Olímpica del Poblenou,104,67,No records
433,10,Women,Sant Martí,el Poblenou,262,68,No records
434,10,Women,Sant Martí,Diagonal Mar i el Front Marítim del Poblenou,104,69,No records
435,10,Women,Sant Martí,el Besòs i el Maresme,189,70,No records
436,10,Women,Sant Martí,Provençals del Poblenou,145,71,No records
437,10,Women,Sant Martí,Sant Martí de Provençals,177,72,No records
438,10,Women,Sant Martí,la Verneda i la Pau,220,73,No records
439,1,Men,Ciutat Vella,el Raval,181,1,Without studies
440,1,Men,Ciutat Vella,el Barri Gòtic,86,2,Without studies
441,1,Men,Ciutat Vella,la Barceloneta,105,3,Without studies
442,1,Men,Ciutat Vella,"Sant Pere, Santa Caterina i la Ribera",72,4,Without studies
443,2,Men,Eixample,el Fort Pienc,101,5,Without studies
444,2,Men,Eixample,la Sagrada Família,181,6,Without studies
445,2,Men,Eixample,la Dreta de l'Eixample,44,7,Without studies
446,2,Men,Eixample,l'Antiga Esquerra de l'Eixample,83,8,Without studies
447,2,Men,Eixample,la Nova Esquerra de l'Eixample,137,9,Without studies
448,2,Men,Eixample,Sant Antoni,127,10,Without studies
449,3,Men,Sants-Montjuïc,el Poble Sec,165,11,Without studies
450,3,Men,Sants-Montjuïc,la Marina del Prat Vermell,12,12,Without studies
451,3,Men,Sants-Montjuïc,la Marina de Port,226,13,Without studies
452,3,Men,Sants-Montjuïc,la Font de la Guatlla,66,14,Without studies
453,3,Men,Sants-Montjuïc,Hostafrancs,88,15,Without studies
454,3,Men,Sants-Montjuïc,la Bordeta,108,16,Without studies
455,3,Men,Sants-Montjuïc,Sants - Badal,158,17,Without studies
456,3,Men,Sants-Montjuïc,Sants,210,18,Without studies
457,4,Men,Les Corts,les Corts,110,19,Without studies
458,4,Men,Les Corts,la Maternitat i Sant Ramon,100,20,Without studies
459,4,Men,Les Corts,Pedralbes,6,21,Without studies
460,5,Men,Sarrià-Sant Gervasi,"Vallvidrera, el Tibidabo i les Planes",10,22,Without studies
461,5,Men,Sarrià-Sant Gervasi,Sarrià,33,23,Without studies
462,5,Men,Sarrià-Sant Gervasi,les Tres Torres,4,24,Without studies
463,5,Men,Sarrià-Sant Gervasi,Sant Gervasi - la Bonanova,15,25,Without studies
464,5,Men,Sarrià-Sant Gervasi,Sant Gervasi - Galvany,27,26,Without studies
465,5,Men,Sarrià-Sant Gervasi,el Putxet i el Farró,32,27,Without studies
466,6,Men,Gràcia,Vallcarca i els Penitents,63,28,Without studies
467,6,Men,Gràcia,el Coll,36,29,Without studies
468,6,Men,Gràcia,la Salut,29,30,Without studies
469,6,Men,Gràcia,la Vila de Gràcia,128,31,Without studies
470,6,Men,Gràcia,el Camp d'en Grassot i Gràcia Nova,97,32,Without studies
471,7,Men,Horta-Guinardó,el Baix Guinardó,144,33,Without studies
472,7,Men,Horta-Guinardó,Can Baró,46,34,Without studies
473,7,Men,Horta-Guinardó,el Guinardó,159,35,Without studies
474,7,Men,Horta-Guinardó,la Font d'en Fargues,36,36,Without studies
475,7,Men,Horta-Guinardó,el Carmel,405,37,Without studies
476,7,Men,Horta-Guinardó,la Teixonera,116,38,Without studies
477,7,Men,Horta-Guinardó,Sant Genís dels Agudells,85,39,Without studies
478,7,Men,Horta-Guinardó,Montbau,57,40,Without studies
479,7,Men,Horta-Guinardó,la Vall d'Hebron,30,41,Without studies
480,7,Men,Horta-Guinardó,la Clota,6,42,Without studies
481,7,Men,Horta-Guinardó,Horta,234,43,Without studies
482,8,Men,Nou Barris,Vilapicina i la Torre Llobeta,184,44,Without studies
483,8,Men,Nou Barris,Porta,283,45,Without studies
484,8,Men,Nou Barris,el Turó de la Peira,170,46,Without studies
485,8,Men,Nou Barris,Can Peguera,15,47,Without studies
486,8,Men,Nou Barris,la Guineueta,145,48,Without studies
487,8,Men,Nou Barris,Canyelles,71,49,Without studies
488,8,Men,Nou Barris,les Roquetes,162,50,Without studies
489,8,Men,Nou Barris,Verdun,144,51,Without studies
490,8,Men,Nou Barris,la Prosperitat,352,52,Without studies
491,8,Men,Nou Barris,la Trinitat Nova,50,53,Without studies
492,8,Men,Nou Barris,Torre Baró,26,54,Without studies
493,8,Men,Nou Barris,Ciutat Meridiana,91,55,Without studies
494,8,Men,Nou Barris,Vallbona,11,56,Without studies
495,9,Men,Sant Andreu,la Trinitat Vella,91,57,Without studies
496,9,Men,Sant Andreu,Baró de Viver,18,58,Without studies
497,9,Men,Sant Andreu,el Bon Pastor,96,59,Without studies
498,9,Men,Sant Andreu,Sant Andreu,275,60,Without studies
499,9,Men,Sant Andreu,la Sagrera,161,61,Without studies
500,9,Men,Sant Andreu,el Congrés i els Indians,76,62,Without studies
501,9,Men,Sant Andreu,Navas,101,63,Without studies
502,10,Men,Sant Martí,el Camp de l'Arpa del Clot,164,64,Without studies
503,10,Men,Sant Martí,el Clot,108,65,Without studies
504,10,Men,Sant Martí,el Parc i la Llacuna del Poblenou,59,66,Without studies
505,10,Men,Sant Martí,la Vila Olímpica del Poblenou,10,67,Without studies
506,10,Men,Sant Martí,el Poblenou,132,68,Without studies
507,10,Men,Sant Martí,Diagonal Mar i el Front Marítim del Poblenou,72,69,Without studies
508,10,Men,Sant Martí,el Besòs i el Maresme,273,70,Without studies
509,10,Men,Sant Martí,Provençals del Poblenou,121,71,Without studies
510,10,Men,Sant Martí,Sant Martí de Provençals,189,72,Without studies
511,10,Men,Sant Martí,la Verneda i la Pau,310,73,Without studies
512,1,Men,Ciutat Vella,el Raval,6060,1,Primary education / certificate of schooling / EGB
513,1,Men,Ciutat Vella,el Barri Gòtic,3159,2,Primary education / certificate of schooling / EGB
514,1,Men,Ciutat Vella,la Barceloneta,1358,3,Primary education / certificate of schooling / EGB
515,1,Men,Ciutat Vella,"Sant Pere, Santa Caterina i la Ribera",1700,4,Primary education / certificate of schooling / EGB
516,2,Men,Eixample,el Fort Pienc,1520,5,Primary education / certificate of schooling / EGB
517,2,Men,Eixample,la Sagrada Família,2160,6,Primary education / certificate of schooling / EGB
518,2,Men,Eixample,la Dreta de l'Eixample,985,7,Primary education / certificate of schooling / EGB
519,2,Men,Eixample,l'Antiga Esquerra de l'Eixample,1097,8,Primary education / certificate of schooling / EGB
520,2,Men,Eixample,la Nova Esquerra de l'Eixample,1895,9,Primary education / certificate of schooling / EGB
521,2,Men,Eixample,Sant Antoni,1875,10,Primary education / certificate of schooling / EGB
522,3,Men,Sants-Montjuïc,el Poble Sec,3408,11,Primary education / certificate of schooling / EGB
523,3,Men,Sants-Montjuïc,la Marina del Prat Vermell,197,12,Primary education / certificate of schooling / EGB
524,3,Men,Sants-Montjuïc,la Marina de Port,3087,13,Primary education / certificate of schooling / EGB
525,3,Men,Sants-Montjuïc,la Font de la Guatlla,622,14,Primary education / certificate of schooling / EGB
526,3,Men,Sants-Montjuïc,Hostafrancs,1080,15,Primary education / certificate of schooling / EGB
527,3,Men,Sants-Montjuïc,la Bordeta,1335,16,Primary education / certificate of schooling / EGB
528,3,Men,Sants-Montjuïc,Sants - Badal,1762,17,Primary education / certificate of schooling / EGB
529,3,Men,Sants-Montjuïc,Sants,2849,18,Primary education / certificate of schooling / EGB
530,4,Men,Les Corts,les Corts,1459,19,Primary education / certificate of schooling / EGB
531,4,Men,Les Corts,la Maternitat i Sant Ramon,951,20,Primary education / certificate of schooling / EGB
532,4,Men,Les Corts,Pedralbes,157,21,Primary education / certificate of schooling / EGB
533,5,Men,Sarrià-Sant Gervasi,"Vallvidrera, el Tibidabo i les Planes",161,22,Primary education / certificate of schooling / EGB
534,5,Men,Sarrià-Sant Gervasi,Sarrià,497,23,Primary education / certificate of schooling / EGB
535,5,Men,Sarrià-Sant Gervasi,les Tres Torres,186,24,Primary education / certificate of schooling / EGB
536,5,Men,Sarrià-Sant Gervasi,Sant Gervasi - la Bonanova,421,25,Primary education / certificate of schooling / EGB
537,5,Men,Sarrià-Sant Gervasi,Sant Gervasi - Galvany,556,26,Primary education / certificate of schooling / EGB
538,5,Men,Sarrià-Sant Gervasi,el Putxet i el Farró,474,27,Primary education / certificate of schooling / EGB
539,6,Men,Gràcia,Vallcarca i els Penitents,518,28,Primary education / certificate of schooling / EGB
540,6,Men,Gràcia,el Coll,396,29,Primary education / certificate of schooling / EGB
541,6,Men,Gràcia,la Salut,511,30,Primary education / certificate of schooling / EGB
542,6,Men,Gràcia,la Vila de Gràcia,1765,31,Primary education / certificate of schooling / EGB
543,6,Men,Gràcia,el Camp d'en Grassot i Gràcia Nova,1236,32,Primary education / certificate of schooling / EGB
544,7,Men,Horta-Guinardó,el Baix Guinardó,1130,33,Primary education / certificate of schooling / EGB
545,7,Men,Horta-Guinardó,Can Baró,599,34,Primary education / certificate of schooling / EGB
546,7,Men,Horta-Guinardó,el Guinardó,1788,35,Primary education / certificate of schooling / EGB
547,7,Men,Horta-Guinardó,la Font d'en Fargues,385,36,Primary education / certificate of schooling / EGB
548,7,Men,Horta-Guinardó,el Carmel,3071,37,Primary education / certificate of schooling / EGB
549,7,Men,Horta-Guinardó,la Teixonera,999,38,Primary education / certificate of schooling / EGB
550,7,Men,Horta-Guinardó,Sant Genís dels Agudells,581,39,Primary education / certificate of schooling / EGB
551,7,Men,Horta-Guinardó,Montbau,273,40,Primary education / certificate of schooling / EGB
552,7,Men,Horta-Guinardó,la Vall d'Hebron,319,41,Primary education / certificate of schooling / EGB
553,7,Men,Horta-Guinardó,la Clota,52,42,Primary education / certificate of schooling / EGB
554,7,Men,Horta-Guinardó,Horta,2080,43,Primary education / certificate of schooling / EGB
555,8,Men,Nou Barris,Vilapicina i la Torre Llobeta,1730,44,Primary education / certificate of schooling / EGB
556,8,Men,Nou Barris,Porta,2457,45,Primary education / certificate of schooling / EGB
557,8,Men,Nou Barris,el Turó de la Peira,1385,46,Primary education / certificate of schooling / EGB
558,8,Men,Nou Barris,Can Peguera,250,47,Primary education / certificate of schooling / EGB
559,8,Men,Nou Barris,la Guineueta,1141,48,Primary education / certificate of schooling / EGB
560,8,Men,Nou Barris,Canyelles,761,49,Primary education / certificate of schooling / EGB
561,8,Men,Nou Barris,les Roquetes,1979,50,Primary education / certificate of schooling / EGB
562,8,Men,Nou Barris,Verdun,1290,51,Primary education / certificate of schooling / EGB
563,8,Men,Nou Barris,la Prosperitat,2670,52,Primary education / certificate of schooling / EGB
564,8,Men,Nou Barris,la Trinitat Nova,883,53,Primary education / certificate of schooling / EGB
565,8,Men,Nou Barris,Torre Baró,390,54,Primary education / certificate of schooling / EGB
566,8,Men,Nou Barris,Ciutat Meridiana,1471,55,Primary education / certificate of schooling / EGB
567,8,Men,Nou Barris,Vallbona,186,56,Primary education / certificate of schooling / EGB
568,9,Men,Sant Andreu,la Trinitat Vella,1390,57,Primary education / certificate of schooling / EGB
569,9,Men,Sant Andreu,Baró de Viver,337,58,Primary education / certificate of schooling / EGB
570,6,Men,Gràcia,el Coll,719,29,Elementary school / school graduate / ESO / FPI
571,9,Men,Sant Andreu,el Bon Pastor,1401,59,Primary education / certificate of schooling / EGB
572,9,Men,Sant Andreu,Sant Andreu,3591,60,Primary education / certificate of schooling / EGB
573,9,Men,Sant Andreu,la Sagrera,1861,61,Primary education / certificate of schooling / EGB
574,9,Men,Sant Andreu,el Congrés i els Indians,772,62,Primary education / certificate of schooling / EGB
575,9,Men,Sant Andreu,Navas,1199,63,Primary education / certificate of schooling / EGB
576,10,Men,Sant Martí,el Camp de l'Arpa del Clot,2109,64,Primary education / certificate of schooling / EGB
577,10,Men,Sant Martí,el Clot,1584,65,Primary education / certificate of schooling / EGB
578,10,Men,Sant Martí,el Parc i la Llacuna del Poblenou,825,66,Primary education / certificate of schooling / EGB
579,10,Men,Sant Martí,la Vila Olímpica del Poblenou,216,67,Primary education / certificate of schooling / EGB
580,10,Men,Sant Martí,el Poblenou,1749,68,Primary education / certificate of schooling / EGB
581,10,Men,Sant Martí,Diagonal Mar i el Front Marítim del Poblenou,524,69,Primary education / certificate of schooling / EGB
582,10,Men,Sant Martí,el Besòs i el Maresme,3577,70,Primary education / certificate of schooling / EGB
583,10,Men,Sant Martí,Provençals del Poblenou,1469,71,Primary education / certificate of schooling / EGB
584,10,Men,Sant Martí,Sant Martí de Provençals,2012,72,Primary education / certificate of schooling / EGB
585,10,Men,Sant Martí,la Verneda i la Pau,2761,73,Primary education / certificate of schooling / EGB
586,1,Men,Ciutat Vella,el Raval,5969,1,Elementary school / school graduate / ESO / FPI
587,1,Men,Ciutat Vella,el Barri Gòtic,3319,2,Elementary school / school graduate / ESO / FPI
588,1,Men,Ciutat Vella,la Barceloneta,1763,3,Elementary school / school graduate / ESO / FPI
589,1,Men,Ciutat Vella,"Sant Pere, Santa Caterina i la Ribera",2020,4,Elementary school / school graduate / ESO / FPI
590,2,Men,Eixample,el Fort Pienc,2634,5,Elementary school / school graduate / ESO / FPI
591,2,Men,Eixample,la Sagrada Família,4151,6,Elementary school / school graduate / ESO / FPI
592,2,Men,Eixample,la Dreta de l'Eixample,2331,7,Elementary school / school graduate / ESO / FPI
593,2,Men,Eixample,l'Antiga Esquerra de l'Eixample,2523,8,Elementary school / school graduate / ESO / FPI
594,2,Men,Eixample,la Nova Esquerra de l'Eixample,3871,9,Elementary school / school graduate / ESO / FPI
595,2,Men,Eixample,Sant Antoni,3185,10,Elementary school / school graduate / ESO / FPI
596,3,Men,Sants-Montjuïc,el Poble Sec,4427,11,Elementary school / school graduate / ESO / FPI
597,3,Men,Sants-Montjuïc,la Marina del Prat Vermell,213,12,Elementary school / school graduate / ESO / FPI
598,3,Men,Sants-Montjuïc,la Marina de Port,3954,13,Elementary school / school graduate / ESO / FPI
599,3,Men,Sants-Montjuïc,la Font de la Guatlla,1036,14,Elementary school / school graduate / ESO / FPI
600,3,Men,Sants-Montjuïc,Hostafrancs,1595,15,Elementary school / school graduate / ESO / FPI
601,3,Men,Sants-Montjuïc,la Bordeta,2164,16,Elementary school / school graduate / ESO / FPI
602,3,Men,Sants-Montjuïc,Sants - Badal,2524,17,Elementary school / school graduate / ESO / FPI
603,3,Men,Sants-Montjuïc,Sants,4383,18,Elementary school / school graduate / ESO / FPI
604,4,Men,Les Corts,les Corts,2841,19,Elementary school / school graduate / ESO / FPI
605,4,Men,Les Corts,la Maternitat i Sant Ramon,1705,20,Elementary school / school graduate / ESO / FPI
606,4,Men,Les Corts,Pedralbes,484,21,Elementary school / school graduate / ESO / FPI
607,5,Men,Sarrià-Sant Gervasi,"Vallvidrera, el Tibidabo i les Planes",347,22,Elementary school / school graduate / ESO / FPI
608,5,Men,Sarrià-Sant Gervasi,Sarrià,1129,23,Elementary school / school graduate / ESO / FPI
609,5,Men,Sarrià-Sant Gervasi,les Tres Torres,587,24,Elementary school / school graduate / ESO / FPI
610,5,Men,Sarrià-Sant Gervasi,Sant Gervasi - la Bonanova,1094,25,Elementary school / school graduate / ESO / FPI
611,5,Men,Sarrià-Sant Gervasi,Sant Gervasi - Galvany,1849,26,Elementary school / school graduate / ESO / FPI
612,5,Men,Sarrià-Sant Gervasi,el Putxet i el Farró,1434,27,Elementary school / school graduate / ESO / FPI
613,6,Men,Gràcia,Vallcarca i els Penitents,1181,28,Elementary school / school graduate / ESO / FPI
614,6,Men,Gràcia,la Salut,916,30,Elementary school / school graduate / ESO / FPI
615,6,Men,Gràcia,la Vila de Gràcia,3285,31,Elementary school / school graduate / ESO / FPI
616,6,Men,Gràcia,el Camp d'en Grassot i Gràcia Nova,2600,32,Elementary school / school graduate / ESO / FPI
617,7,Men,Horta-Guinardó,el Baix Guinardó,2373,33,Elementary school / school graduate / ESO / FPI
618,7,Men,Horta-Guinardó,Can Baró,980,34,Elementary school / school graduate / ESO / FPI
619,7,Men,Horta-Guinardó,el Guinardó,3569,35,Elementary school / school graduate / ESO / FPI
620,7,Men,Horta-Guinardó,la Font d'en Fargues,890,36,Elementary school / school graduate / ESO / FPI
621,7,Men,Horta-Guinardó,el Carmel,4660,37,Elementary school / school graduate / ESO / FPI
622,7,Men,Horta-Guinardó,la Teixonera,1654,38,Elementary school / school graduate / ESO / FPI
623,7,Men,Horta-Guinardó,Sant Genís dels Agudells,900,39,Elementary school / school graduate / ESO / FPI
624,7,Men,Horta-Guinardó,Montbau,549,40,Elementary school / school graduate / ESO / FPI
625,7,Men,Horta-Guinardó,la Vall d'Hebron,562,41,Elementary school / school graduate / ESO / FPI
626,7,Men,Horta-Guinardó,la Clota,83,42,Elementary school / school graduate / ESO / FPI
627,7,Men,Horta-Guinardó,Horta,3008,43,Elementary school / school graduate / ESO / FPI
628,8,Men,Nou Barris,Vilapicina i la Torre Llobeta,2860,44,Elementary school / school graduate / ESO / FPI
629,8,Men,Nou Barris,Porta,3481,45,Elementary school / school graduate / ESO / FPI
630,8,Men,Nou Barris,el Turó de la Peira,1996,46,Elementary school / school graduate / ESO / FPI
631,8,Men,Nou Barris,Can Peguera,340,47,Elementary school / school graduate / ESO / FPI
632,8,Men,Nou Barris,la Guineueta,1879,48,Elementary school / school graduate / ESO / FPI
633,8,Men,Nou Barris,Canyelles,1011,49,Elementary school / school graduate / ESO / FPI
634,8,Men,Nou Barris,les Roquetes,2436,50,Elementary school / school graduate / ESO / FPI
635,8,Men,Nou Barris,Verdun,1789,51,Elementary school / school graduate / ESO / FPI
636,8,Men,Nou Barris,la Prosperitat,3709,52,Elementary school / school graduate / ESO / FPI
637,8,Men,Nou Barris,la Trinitat Nova,1189,53,Elementary school / school graduate / ESO / FPI
638,8,Men,Nou Barris,Torre Baró,434,54,Elementary school / school graduate / ESO / FPI
639,8,Men,Nou Barris,Ciutat Meridiana,1634,55,Elementary school / school graduate / ESO / FPI
640,8,Men,Nou Barris,Vallbona,214,56,Elementary school / school graduate / ESO / FPI
641,9,Men,Sant Andreu,la Trinitat Vella,1536,57,Elementary school / school graduate / ESO / FPI
642,9,Men,Sant Andreu,Baró de Viver,423,58,Elementary school / school graduate / ESO / FPI
643,9,Men,Sant Andreu,el Bon Pastor,1966,59,Elementary school / school graduate / ESO / FPI
644,9,Men,Sant Andreu,Sant Andreu,6100,60,Elementary school / school graduate / ESO / FPI
645,9,Men,Sant Andreu,la Sagrera,3169,61,Elementary school / school graduate / ESO / FPI
646,9,Men,Sant Andreu,el Congrés i els Indians,1602,62,Elementary school / school graduate / ESO / FPI
647,9,Men,Sant Andreu,Navas,2290,63,Elementary school / school graduate / ESO / FPI
648,10,Men,Sant Martí,el Camp de l'Arpa del Clot,3719,64,Elementary school / school graduate / ESO / FPI
649,10,Men,Sant Martí,el Clot,2838,65,Elementary school / school graduate / ESO / FPI
650,10,Men,Sant Martí,el Parc i la Llacuna del Poblenou,1444,66,Elementary school / school graduate / ESO / FPI
651,10,Men,Sant Martí,la Vila Olímpica del Poblenou,487,67,Elementary school / school graduate / ESO / FPI
652,10,Men,Sant Martí,el Poblenou,3067,68,Elementary school / school graduate / ESO / FPI
653,10,Men,Sant Martí,Diagonal Mar i el Front Marítim del Poblenou,1058,69,Elementary school / school graduate / ESO / FPI
654,10,Men,Sant Martí,el Besòs i el Maresme,3677,70,Elementary school / school graduate / ESO / FPI
655,10,Men,Sant Martí,Provençals del Poblenou,2410,71,Elementary school / school graduate / ESO / FPI
656,10,Men,Sant Martí,Sant Martí de Provençals,3104,72,Elementary school / school graduate / ESO / FPI
657,10,Men,Sant Martí,la Verneda i la Pau,3860,73,Elementary school / school graduate / ESO / FPI
658,1,Men,Ciutat Vella,el Raval,4341,1,High school / BUP / COU / FPII / CFGM Intermediate Grade
659,1,Men,Ciutat Vella,el Barri Gòtic,2383,2,High school / BUP / COU / FPII / CFGM Intermediate Grade
660,1,Men,Ciutat Vella,la Barceloneta,1646,3,High school / BUP / COU / FPII / CFGM Intermediate Grade
661,1,Men,Ciutat Vella,"Sant Pere, Santa Caterina i la Ribera",2475,4,High school / BUP / COU / FPII / CFGM Intermediate Grade
662,2,Men,Eixample,el Fort Pienc,3995,5,High school / BUP / COU / FPII / CFGM Intermediate Grade
663,2,Men,Eixample,la Sagrada Família,6165,6,High school / BUP / COU / FPII / CFGM Intermediate Grade
664,2,Men,Eixample,la Dreta de l'Eixample,4673,7,High school / BUP / COU / FPII / CFGM Intermediate Grade
665,2,Men,Eixample,l'Antiga Esquerra de l'Eixample,5068,8,High school / BUP / COU / FPII / CFGM Intermediate Grade
666,2,Men,Eixample,la Nova Esquerra de l'Eixample,6813,9,High school / BUP / COU / FPII / CFGM Intermediate Grade
667,2,Men,Eixample,Sant Antoni,4558,10,High school / BUP / COU / FPII / CFGM Intermediate Grade
668,3,Men,Sants-Montjuïc,el Poble Sec,4281,11,High school / BUP / COU / FPII / CFGM Intermediate Grade
669,3,Men,Sants-Montjuïc,la Marina del Prat Vermell,71,12,High school / BUP / COU / FPII / CFGM Intermediate Grade
670,3,Men,Sants-Montjuïc,la Marina de Port,3261,13,High school / BUP / COU / FPII / CFGM Intermediate Grade
671,3,Men,Sants-Montjuïc,la Font de la Guatlla,1229,14,High school / BUP / COU / FPII / CFGM Intermediate Grade
672,3,Men,Sants-Montjuïc,Hostafrancs,1760,15,High school / BUP / COU / FPII / CFGM Intermediate Grade
673,3,Men,Sants-Montjuïc,la Bordeta,2298,16,High school / BUP / COU / FPII / CFGM Intermediate Grade
674,3,Men,Sants-Montjuïc,Sants - Badal,2834,17,High school / BUP / COU / FPII / CFGM Intermediate Grade
675,3,Men,Sants-Montjuïc,Sants,4969,18,High school / BUP / COU / FPII / CFGM Intermediate Grade
676,4,Men,Les Corts,les Corts,5299,19,High school / BUP / COU / FPII / CFGM Intermediate Grade
677,4,Men,Les Corts,la Maternitat i Sant Ramon,2720,20,High school / BUP / COU / FPII / CFGM Intermediate Grade
678,2,Men,Eixample,Sant Antoni,248,10,No records
679,4,Men,Les Corts,Pedralbes,1130,21,High school / BUP / COU / FPII / CFGM Intermediate Grade
680,5,Men,Sarrià-Sant Gervasi,"Vallvidrera, el Tibidabo i les Planes",500,22,High school / BUP / COU / FPII / CFGM Intermediate Grade
681,5,Men,Sarrià-Sant Gervasi,Sarrià,2440,23,High school / BUP / COU / FPII / CFGM Intermediate Grade
682,5,Men,Sarrià-Sant Gervasi,les Tres Torres,1666,24,High school / BUP / COU / FPII / CFGM Intermediate Grade
683,5,Men,Sarrià-Sant Gervasi,Sant Gervasi - la Bonanova,2712,25,High school / BUP / COU / FPII / CFGM Intermediate Grade
684,5,Men,Sarrià-Sant Gervasi,Sant Gervasi - Galvany,4750,26,High school / BUP / COU / FPII / CFGM Intermediate Grade
685,5,Men,Sarrià-Sant Gervasi,el Putxet i el Farró,3315,27,High school / BUP / COU / FPII / CFGM Intermediate Grade
686,6,Men,Gràcia,Vallcarca i els Penitents,1841,28,High school / BUP / COU / FPII / CFGM Intermediate Grade
687,6,Men,Gràcia,el Coll,873,29,High school / BUP / COU / FPII / CFGM Intermediate Grade
688,6,Men,Gràcia,la Salut,1612,30,High school / BUP / COU / FPII / CFGM Intermediate Grade
689,6,Men,Gràcia,la Vila de Gràcia,5413,31,High school / BUP / COU / FPII / CFGM Intermediate Grade
690,6,Men,Gràcia,el Camp d'en Grassot i Gràcia Nova,4127,32,High school / BUP / COU / FPII / CFGM Intermediate Grade
691,7,Men,Horta-Guinardó,el Baix Guinardó,3214,33,High school / BUP / COU / FPII / CFGM Intermediate Grade
692,7,Men,Horta-Guinardó,Can Baró,1102,34,High school / BUP / COU / FPII / CFGM Intermediate Grade
693,7,Men,Horta-Guinardó,el Guinardó,4734,35,High school / BUP / COU / FPII / CFGM Intermediate Grade
694,7,Men,Horta-Guinardó,la Font d'en Fargues,1175,36,High school / BUP / COU / FPII / CFGM Intermediate Grade
695,7,Men,Horta-Guinardó,el Carmel,3112,37,High school / BUP / COU / FPII / CFGM Intermediate Grade
696,7,Men,Horta-Guinardó,la Teixonera,1279,38,High school / BUP / COU / FPII / CFGM Intermediate Grade
697,7,Men,Horta-Guinardó,Sant Genís dels Agudells,810,39,High school / BUP / COU / FPII / CFGM Intermediate Grade
698,7,Men,Horta-Guinardó,Montbau,588,40,High school / BUP / COU / FPII / CFGM Intermediate Grade
699,7,Men,Horta-Guinardó,la Vall d'Hebron,738,41,High school / BUP / COU / FPII / CFGM Intermediate Grade
700,7,Men,Horta-Guinardó,la Clota,75,42,High school / BUP / COU / FPII / CFGM Intermediate Grade
701,7,Men,Horta-Guinardó,Horta,3286,43,High school / BUP / COU / FPII / CFGM Intermediate Grade
702,8,Men,Nou Barris,Vilapicina i la Torre Llobeta,3105,44,High school / BUP / COU / FPII / CFGM Intermediate Grade
703,8,Men,Nou Barris,Porta,3059,45,High school / BUP / COU / FPII / CFGM Intermediate Grade
704,8,Men,Nou Barris,el Turó de la Peira,1680,46,High school / BUP / COU / FPII / CFGM Intermediate Grade
705,8,Men,Nou Barris,Can Peguera,158,47,High school / BUP / COU / FPII / CFGM Intermediate Grade
706,8,Men,Nou Barris,la Guineueta,1748,48,High school / BUP / COU / FPII / CFGM Intermediate Grade
707,8,Men,Nou Barris,Canyelles,620,49,High school / BUP / COU / FPII / CFGM Intermediate Grade
708,8,Men,Nou Barris,les Roquetes,1260,50,High school / BUP / COU / FPII / CFGM Intermediate Grade
709,8,Men,Nou Barris,Verdun,1145,51,High school / BUP / COU / FPII / CFGM Intermediate Grade
710,8,Men,Nou Barris,la Prosperitat,2650,52,High school / BUP / COU / FPII / CFGM Intermediate Grade
711,8,Men,Nou Barris,la Trinitat Nova,599,53,High school / BUP / COU / FPII / CFGM Intermediate Grade
712,8,Men,Nou Barris,Torre Baró,180,54,High school / BUP / COU / FPII / CFGM Intermediate Grade
713,8,Men,Nou Barris,Ciutat Meridiana,794,55,High school / BUP / COU / FPII / CFGM Intermediate Grade
714,8,Men,Nou Barris,Vallbona,83,56,High school / BUP / COU / FPII / CFGM Intermediate Grade
715,9,Men,Sant Andreu,la Trinitat Vella,875,57,High school / BUP / COU / FPII / CFGM Intermediate Grade
716,9,Men,Sant Andreu,Baró de Viver,169,58,High school / BUP / COU / FPII / CFGM Intermediate Grade
717,9,Men,Sant Andreu,el Bon Pastor,1261,59,High school / BUP / COU / FPII / CFGM Intermediate Grade
718,9,Men,Sant Andreu,Sant Andreu,7290,60,High school / BUP / COU / FPII / CFGM Intermediate Grade
719,9,Men,Sant Andreu,la Sagrera,3604,61,High school / BUP / COU / FPII / CFGM Intermediate Grade
720,9,Men,Sant Andreu,el Congrés i els Indians,1820,62,High school / BUP / COU / FPII / CFGM Intermediate Grade
721,9,Men,Sant Andreu,Navas,2832,63,High school / BUP / COU / FPII / CFGM Intermediate Grade
722,10,Men,Sant Martí,el Camp de l'Arpa del Clot,4878,64,High school / BUP / COU / FPII / CFGM Intermediate Grade
723,10,Men,Sant Martí,el Clot,3319,65,High school / BUP / COU / FPII / CFGM Intermediate Grade
724,10,Men,Sant Martí,el Parc i la Llacuna del Poblenou,1832,66,High school / BUP / COU / FPII / CFGM Intermediate Grade
725,10,Men,Sant Martí,la Vila Olímpica del Poblenou,972,67,High school / BUP / COU / FPII / CFGM Intermediate Grade
726,10,Men,Sant Martí,el Poblenou,3764,68,High school / BUP / COU / FPII / CFGM Intermediate Grade
727,10,Men,Sant Martí,Diagonal Mar i el Front Marítim del Poblenou,1339,69,High school / BUP / COU / FPII / CFGM Intermediate Grade
728,10,Men,Sant Martí,el Besòs i el Maresme,2235,70,High school / BUP / COU / FPII / CFGM Intermediate Grade
729,10,Men,Sant Martí,Provençals del Poblenou,2374,71,High school / BUP / COU / FPII / CFGM Intermediate Grade
730,10,Men,Sant Martí,Sant Martí de Provençals,2964,72,High school / BUP / COU / FPII / CFGM Intermediate Grade
731,10,Men,Sant Martí,la Verneda i la Pau,3083,73,High school / BUP / COU / FPII / CFGM Intermediate Grade
732,1,Men,Ciutat Vella,el Raval,5624,1,University studies / CFGS higher degree
733,1,Men,Ciutat Vella,el Barri Gòtic,3217,2,University studies / CFGS higher degree
734,1,Men,Ciutat Vella,la Barceloneta,1926,3,University studies / CFGS higher degree
735,1,Men,Ciutat Vella,"Sant Pere, Santa Caterina i la Ribera",4092,4,University studies / CFGS higher degree
736,2,Men,Eixample,el Fort Pienc,5399,5,University studies / CFGS higher degree
737,2,Men,Eixample,la Sagrada Família,8206,6,University studies / CFGS higher degree
738,2,Men,Eixample,la Dreta de l'Eixample,9567,7,University studies / CFGS higher degree
739,2,Men,Eixample,l'Antiga Esquerra de l'Eixample,8868,8,University studies / CFGS higher degree
740,2,Men,Eixample,la Nova Esquerra de l'Eixample,10829,9,University studies / CFGS higher degree
741,7,Men,Horta-Guinardó,la Clota,6,42,No records
742,2,Men,Eixample,Sant Antoni,6263,10,University studies / CFGS higher degree
743,3,Men,Sants-Montjuïc,el Poble Sec,4696,11,University studies / CFGS higher degree
744,3,Men,Sants-Montjuïc,la Marina del Prat Vermell,34,12,University studies / CFGS higher degree
745,3,Men,Sants-Montjuïc,la Marina de Port,1958,13,University studies / CFGS higher degree
746,3,Men,Sants-Montjuïc,la Font de la Guatlla,1310,14,University studies / CFGS higher degree
747,3,Men,Sants-Montjuïc,Hostafrancs,2120,15,University studies / CFGS higher degree
748,3,Men,Sants-Montjuïc,la Bordeta,1972,16,University studies / CFGS higher degree
749,3,Men,Sants-Montjuïc,Sants - Badal,2719,17,University studies / CFGS higher degree
750,3,Men,Sants-Montjuïc,Sants,5737,18,University studies / CFGS higher degree
751,4,Men,Les Corts,les Corts,8615,19,University studies / CFGS higher degree
752,4,Men,Les Corts,la Maternitat i Sant Ramon,3954,20,University studies / CFGS higher degree
753,4,Men,Les Corts,Pedralbes,2642,21,University studies / CFGS higher degree
754,5,Men,Sarrià-Sant Gervasi,"Vallvidrera, el Tibidabo i les Planes",776,22,University studies / CFGS higher degree
755,5,Men,Sarrià-Sant Gervasi,Sarrià,4948,23,University studies / CFGS higher degree
756,5,Men,Sarrià-Sant Gervasi,les Tres Torres,3553,24,University studies / CFGS higher degree
757,5,Men,Sarrià-Sant Gervasi,Sant Gervasi - la Bonanova,5297,25,University studies / CFGS higher degree
758,5,Men,Sarrià-Sant Gervasi,Sant Gervasi - Galvany,10191,26,University studies / CFGS higher degree
759,5,Men,Sarrià-Sant Gervasi,el Putxet i el Farró,6126,27,University studies / CFGS higher degree
760,6,Men,Gràcia,Vallcarca i els Penitents,2630,28,University studies / CFGS higher degree
761,6,Men,Gràcia,el Coll,941,29,University studies / CFGS higher degree
762,6,Men,Gràcia,la Salut,2142,30,University studies / CFGS higher degree
763,6,Men,Gràcia,la Vila de Gràcia,9108,31,University studies / CFGS higher degree
764,6,Men,Gràcia,el Camp d'en Grassot i Gràcia Nova,5891,32,University studies / CFGS higher degree
765,7,Men,Horta-Guinardó,el Baix Guinardó,3502,33,University studies / CFGS higher degree
766,7,Men,Horta-Guinardó,Can Baró,1039,34,University studies / CFGS higher degree
767,7,Men,Horta-Guinardó,el Guinardó,4590,35,University studies / CFGS higher degree
768,7,Men,Horta-Guinardó,la Font d'en Fargues,1244,36,University studies / CFGS higher degree
769,7,Men,Horta-Guinardó,el Carmel,1674,37,University studies / CFGS higher degree
770,7,Men,Horta-Guinardó,la Teixonera,790,38,University studies / CFGS higher degree
771,7,Men,Horta-Guinardó,Sant Genís dels Agudells,599,39,University studies / CFGS higher degree
772,7,Men,Horta-Guinardó,Montbau,539,40,University studies / CFGS higher degree
773,7,Men,Horta-Guinardó,la Vall d'Hebron,684,41,University studies / CFGS higher degree
774,7,Men,Horta-Guinardó,la Clota,72,42,University studies / CFGS higher degree
775,7,Men,Horta-Guinardó,Horta,2450,43,University studies / CFGS higher degree
776,8,Men,Nou Barris,Vilapicina i la Torre Llobeta,2273,44,University studies / CFGS higher degree
777,8,Men,Nou Barris,Porta,1781,45,University studies / CFGS higher degree
778,8,Men,Nou Barris,el Turó de la Peira,930,46,University studies / CFGS higher degree
779,8,Men,Nou Barris,Can Peguera,78,47,University studies / CFGS higher degree
780,8,Men,Nou Barris,la Guineueta,1056,48,University studies / CFGS higher degree
781,8,Men,Nou Barris,Canyelles,295,49,University studies / CFGS higher degree
782,8,Men,Nou Barris,les Roquetes,552,50,University studies / CFGS higher degree
783,8,Men,Nou Barris,Verdun,551,51,University studies / CFGS higher degree
784,8,Men,Nou Barris,la Prosperitat,1223,52,University studies / CFGS higher degree
785,8,Men,Nou Barris,la Trinitat Nova,256,53,University studies / CFGS higher degree
786,8,Men,Nou Barris,Torre Baró,93,54,University studies / CFGS higher degree
787,8,Men,Nou Barris,Ciutat Meridiana,264,55,University studies / CFGS higher degree
788,8,Men,Nou Barris,Vallbona,43,56,University studies / CFGS higher degree
789,9,Men,Sant Andreu,la Trinitat Vella,359,57,University studies / CFGS higher degree
790,9,Men,Sant Andreu,Baró de Viver,71,58,University studies / CFGS higher degree
791,9,Men,Sant Andreu,el Bon Pastor,681,59,University studies / CFGS higher degree
792,9,Men,Sant Andreu,Sant Andreu,5693,60,University studies / CFGS higher degree
793,9,Men,Sant Andreu,la Sagrera,2855,61,University studies / CFGS higher degree
794,9,Men,Sant Andreu,el Congrés i els Indians,1506,62,University studies / CFGS higher degree
795,9,Men,Sant Andreu,Navas,2481,63,University studies / CFGS higher degree
796,10,Men,Sant Martí,el Camp de l'Arpa del Clot,4996,64,University studies / CFGS higher degree
797,10,Men,Sant Martí,el Clot,3072,65,University studies / CFGS higher degree
798,10,Men,Sant Martí,el Parc i la Llacuna del Poblenou,2405,66,University studies / CFGS higher degree
799,10,Men,Sant Martí,la Vila Olímpica del Poblenou,2063,67,University studies / CFGS higher degree
800,10,Men,Sant Martí,el Poblenou,4792,68,University studies / CFGS higher degree
801,10,Men,Sant Martí,Diagonal Mar i el Front Marítim del Poblenou,2084,69,University studies / CFGS higher degree
802,10,Men,Sant Martí,el Besòs i el Maresme,1195,70,University studies / CFGS higher degree
803,10,Men,Sant Martí,Provençals del Poblenou,2149,71,University studies / CFGS higher degree
804,10,Men,Sant Martí,Sant Martí de Provençals,2028,72,University studies / CFGS higher degree
805,10,Men,Sant Martí,la Verneda i la Pau,1543,73,University studies / CFGS higher degree
806,1,Men,Ciutat Vella,el Raval,377,1,No records
807,1,Men,Ciutat Vella,el Barri Gòtic,63,2,No records
808,1,Men,Ciutat Vella,la Barceloneta,87,3,No records
809,1,Men,Ciutat Vella,"Sant Pere, Santa Caterina i la Ribera",123,4,No records
810,2,Men,Eixample,el Fort Pienc,203,5,No records
811,2,Men,Eixample,la Sagrada Família,294,6,No records
812,2,Men,Eixample,la Dreta de l'Eixample,318,7,No records
813,2,Men,Eixample,l'Antiga Esquerra de l'Eixample,261,8,No records
814,2,Men,Eixample,la Nova Esquerra de l'Eixample,377,9,No records
815,3,Men,Sants-Montjuïc,el Poble Sec,309,11,No records
816,3,Men,Sants-Montjuïc,la Marina del Prat Vermell,20,12,No records
817,3,Men,Sants-Montjuïc,la Marina de Port,326,13,No records
818,3,Men,Sants-Montjuïc,la Font de la Guatlla,74,14,No records
819,3,Men,Sants-Montjuïc,Hostafrancs,107,15,No records
820,3,Men,Sants-Montjuïc,la Bordeta,160,16,No records
821,3,Men,Sants-Montjuïc,Sants - Badal,170,17,No records
822,3,Men,Sants-Montjuïc,Sants,256,18,No records
823,4,Men,Les Corts,les Corts,297,19,No records
824,4,Men,Les Corts,la Maternitat i Sant Ramon,159,20,No records
825,4,Men,Les Corts,Pedralbes,160,21,No records
826,5,Men,Sarrià-Sant Gervasi,"Vallvidrera, el Tibidabo i les Planes",50,22,No records
827,5,Men,Sarrià-Sant Gervasi,Sarrià,330,23,No records
828,5,Men,Sarrià-Sant Gervasi,les Tres Torres,205,24,No records
829,5,Men,Sarrià-Sant Gervasi,Sant Gervasi - la Bonanova,268,25,No records
830,5,Men,Sarrià-Sant Gervasi,Sant Gervasi - Galvany,495,26,No records
831,5,Men,Sarrià-Sant Gervasi,el Putxet i el Farró,260,27,No records
832,6,Men,Gràcia,Vallcarca i els Penitents,130,28,No records
833,6,Men,Gràcia,el Coll,60,29,No records
834,6,Men,Gràcia,la Salut,77,30,No records
835,6,Men,Gràcia,la Vila de Gràcia,326,31,No records
836,6,Men,Gràcia,el Camp d'en Grassot i Gràcia Nova,185,32,No records
837,7,Men,Horta-Guinardó,el Baix Guinardó,145,33,No records
838,7,Men,Horta-Guinardó,Can Baró,67,34,No records
839,7,Men,Horta-Guinardó,el Guinardó,267,35,No records
840,7,Men,Horta-Guinardó,la Font d'en Fargues,64,36,No records
841,7,Men,Horta-Guinardó,el Carmel,291,37,No records
842,7,Men,Horta-Guinardó,la Teixonera,108,38,No records
843,7,Men,Horta-Guinardó,Sant Genís dels Agudells,71,39,No records
844,7,Men,Horta-Guinardó,Montbau,33,40,No records
845,7,Men,Horta-Guinardó,la Vall d'Hebron,29,41,No records
846,8,Men,Nou Barris,Vilapicina i la Torre Llobeta,174,44,No records
847,8,Men,Nou Barris,Porta,192,45,No records
848,8,Men,Nou Barris,el Turó de la Peira,129,46,No records
849,8,Men,Nou Barris,Can Peguera,36,47,No records
850,8,Men,Nou Barris,la Guineueta,116,48,No records
851,8,Men,Nou Barris,Canyelles,74,49,No records
852,8,Men,Nou Barris,les Roquetes,185,50,No records
853,8,Men,Nou Barris,Verdun,103,51,No records
854,8,Men,Nou Barris,la Prosperitat,225,52,No records
855,8,Men,Nou Barris,la Trinitat Nova,88,53,No records
856,8,Men,Nou Barris,Torre Baró,51,54,No records
857,8,Men,Nou Barris,Ciutat Meridiana,111,55,No records
858,8,Men,Nou Barris,Vallbona,17,56,No records
859,9,Men,Sant Andreu,la Trinitat Vella,101,57,No records
860,9,Men,Sant Andreu,Baró de Viver,40,58,No records
861,9,Men,Sant Andreu,el Bon Pastor,164,59,No records
862,9,Men,Sant Andreu,Sant Andreu,466,60,No records
863,9,Men,Sant Andreu,la Sagrera,186,61,No records
864,9,Men,Sant Andreu,el Congrés i els Indians,109,62,No records
865,9,Men,Sant Andreu,Navas,176,63,No records
866,10,Men,Sant Martí,el Camp de l'Arpa del Clot,241,64,No records
867,10,Men,Sant Martí,el Clot,216,65,No records
868,10,Men,Sant Martí,el Parc i la Llacuna del Poblenou,104,66,No records
869,10,Men,Sant Martí,la Vila Olímpica del Poblenou,108,67,No records
870,10,Men,Sant Martí,el Poblenou,304,68,No records
871,10,Men,Sant Martí,Diagonal Mar i el Front Marítim del Poblenou,124,69,No records
872,10,Men,Sant Martí,el Besòs i el Maresme,233,70,No records
873,10,Men,Sant Martí,Provençals del Poblenou,174,71,No records
874,10,Men,Sant Martí,Sant Martí de Provençals,239,72,No records
875,10,Men,Sant Martí,la Verneda i la Pau,279,73,No records
